"id","chat_id","expense_date","expense_time","submitted_at","vendor","amount_original","currency","amount_sgd","exchange_rate","category","location","payment_method","comment","parsed_by","parsing_time","provider_tier","confidence_score","receipt_image_url","drive_file_id","needs_review","review_fields","current_fix_index","conversation_state","created_at","updated_at","user_id","bot_id"
0,"1256744399","2025-12-31","19:45:00","2026-01-01 10:58:00","Soybar","9.40","MYR","2.77","0.294681","Meals - Dinner","Puchong, Malaysia","Own $$$","Vendor type: General Food Vendor, Meal categorization: Time-based (19:45), OCR quality: 85%, Currency: MYR with 2 decimals, No fields require verification","Groq Llama 3.3 70B","1.18","free",93,"https://drive.google.com/file/d/1Mb-k5ZoNUa28yBbiSH7SzRZU07JJToz4/view","1Mb-k5ZoNUa28yBbiSH7SzRZU07JJToz4",False,"{}",0,"completed","2026-01-01 02:58:53.590424","2026-01-13 12:36:27.200106",1,1
36,"1256744399","2025-12-29","11:50:00","2026-01-01 11:15:00","AEON","17.45","MYR","5.15","0.295129","Meals - Lunch","Kuala Lumpur, Malaysia","Own $$$","AEON is a supermarket, but items include SET SUSHI SERI PESONA which is a meal. Time is 11:50, so categorized as lunch. OCR quality is 85%. Currency is MYR with 2 decimals.","Groq Llama 3.3 70B","1.13","free",93,"https://drive.google.com/file/d/1zwm65iG_BctYe88HWhovm14BL4bnLdNk/view","1zwm65iG_BctYe88HWhovm14BL4bnLdNk",False,"{}",0,"completed","2026-01-01 03:19:06.03011","2026-01-13 12:36:27.200106",1,1
37,"1256744399","2025-12-29","19:37:00","2026-01-01 11:21:00","Auro Capital Sdn Bhd","17.90","MYR","5.28","0.294972","Meals - Dinner","Malaysia","Own $$$","Vendor type: General food vendor. Time-based categorization: 19:37 falls under 'Meals - Dinner'. OCR quality: 85%. Currency: MYR with 2 decimals applied. No dual-currency pattern detected. Tax amount has medium confidence due to ambiguous formatting.","Alibaba Qwen Turbo","2.72","paid",85,"https://drive.google.com/file/d/1uwQbY9-z1YryZEB-0iC2EBFpmwAJhxnu/view","1uwQbY9-z1YryZEB-0iC2EBFpmwAJhxnu",False,"{}",0,"completed","2026-01-01 03:21:50.49531","2026-01-13 12:36:27.200106",1,1
38,"1256744399","2025-12-30","11:42:00","2026-01-01 11:44:00","QingHeGu","180.95","MYR","53.38","0.294999","Meals - Lunch","Petaling Jaya, Selangor","Own $$$","Vendor type: General food vendor. Meal categorized as Lunch based on time (11:42 AM). OCR quality: 85%. Currency formatted correctly with 2 decimals (MYR). No dual-currency pattern detected.","Alibaba Qwen Turbo","12.08","paid",88,"https://drive.google.com/file/d/1_RFYxVurJk4Pf2PAcHm6eVIklR5pglSd/view","1_RFYxVurJk4Pf2PAcHm6eVIklR5pglSd",False,"{}",0,"completed","2026-01-01 03:44:35.796069","2026-01-13 12:36:27.200106",1,1
39,"1256744399","2025-12-10","20:14:00","2026-01-01 11:46:00","TOP LEADER SDN BHD","15.25","MYR","4.50","0.295082","Meals - Dinner","Petaling Jaya, Malaysia","Own $$$","Vendor type: General food vendor. Time-based categorization: 20:14 falls under Meals - Dinner. OCR quality: 85%. Currency formatted correctly with 2 decimals (MYR). No dual-currency pattern detected.","Alibaba Qwen Turbo","6.49","paid",88,"https://drive.google.com/file/d/1Z63xTeW733B-XztGUtAjhkVi2_zuui3T/view","1Z63xTeW733B-XztGUtAjhkVi2_zuui3T",False,"{}",0,"completed","2026-01-01 03:46:25.348467","2026-01-13 12:36:27.200106",1,1
44,"1256744399","2025-05-25","13:35:00","2026-01-01 05:42:33.092","Bangali","72.75","MYR","21.46","0.294983","Meals - XXX","Malaysia","Own $$$","Vendor and date/time not found, location inferred from 'RM' and 'https://elnvoice.zeoniq.com/MY/YVGAM3A/003', MYR with 2 decimals, fields requiring verification: date, time, vendor, category","Groq Llama 3.3 70B","0.93","free",58,"https://drive.google.com/file/d/1po16jgPE5SJEyS60OaIIoWW9De8qWPLE/view","1po16jgPE5SJEyS60OaIIoWW9De8qWPLE",False,"{date,time,vendor}",0,"completed","2026-01-01 05:42:33.206677","2026-01-13 12:36:27.200106",1,1
45,"1256744399","2025-12-22","12:48:00","2026-01-01 13:43:00","福满源水饺城","109.90","MYR","32.42","0.294995","Meals - Lunch","Puchong, Malaysia","Own $$$","Vendor is a restaurant, categorized as 'Meals - Lunch' based on time. OCR quality is 85%, MYR with 2 decimals applied.","Together AI Qwen 2.5 72B","2.71","free",93,"https://drive.google.com/file/d/1NLwOkILvEabN4gd-JuuuM3yLO1AXgDvW/view","1NLwOkILvEabN4gd-JuuuM3yLO1AXgDvW",False,"{}",0,"completed","2026-01-01 05:43:39.8474","2026-01-13 12:36:27.200106",1,1
46,"1256744399","2025-12-26","13:29:00","2026-01-01 05:47:31.522","TescoLa","177.45","MYR","52.35","0.295013","Meals - Lunch","Kinrara, Puchong","Own $$$","Vendor and location are unclear due to lack of explicit information. Meal categorized as lunch based on time (13:29). OCR quality is 85%, and MYR with 2 decimals is applied. Vendor and location require verification. Location unknown, currency requires verification.","Together AI Qwen 2.5 72B","2.94","free",83,"https://drive.google.com/file/d/1w5UmbRfUbevq8ExQht3QkXBPmtCSBd83/view","1w5UmbRfUbevq8ExQht3QkXBPmtCSBd83",False,"{vendor,location,currency}",0,"completed","2026-01-01 05:47:31.645323","2026-01-13 12:36:27.200106",1,1
47,"1256744399","2025-12-26","13:29:00","2026-01-01 05:47:31.522","TescoLa","177.45","MYR","52.35","0.295013","Meals - Lunch","Kinrara, Puchong","Own $$$","Vendor and location are unclear due to lack of explicit information. Meal categorized as lunch based on time (13:29). OCR quality is 85%, and MYR with 2 decimals is applied. Vendor and location require verification. Location unknown, currency requires verification.","Together AI Qwen 2.5 72B","2.94","free",83,"https://drive.google.com/file/d/1w5UmbRfUbevq8ExQht3QkXBPmtCSBd83/view","1w5UmbRfUbevq8ExQht3QkXBPmtCSBd83",False,"{vendor,location,currency}",3,"completed","2026-01-01 05:51:22.6915","2026-01-13 12:36:27.200106",1,1
48,"1256744399","2023-01-01","19:29:00","2026-01-01 05:53:45.044","L'grass Chicken Dried Vermicel","72.75","MYR","21.46","0.294983","Meals - XXX","TTDI, Bangsar","Company Card","Vendor type is a restaurant. Meal categorization requires time verification. OCR quality is 85%. MYR with 2 decimals. Fields requiring verification: date, time, location, category. Location unknown, currency requires verification.","Together AI Qwen 2.5 72B","2.66","free",78,"https://drive.google.com/file/d/1bBWHwKBJa_qYpKCu5Yoht-fzFvBjvm6L/view","1bBWHwKBJa_qYpKCu5Yoht-fzFvBjvm6L",False,"{date,time,location,currency}",4,"completed","2026-01-01 05:53:45.146914","2026-01-13 12:36:27.200106",1,1
49,"1256744399","2025-12-14","11:26:00","2026-01-01 13:54:00","JUJUBE HOUSE","30.00","MYR","8.85","0.295000","Meals - Lunch","Puchong, Selangor, Malaysia","Own $$$","Vendor is a food establishment (JUJUBE HOUSE). Time of 11:26 falls in lunch time window (11:00-14:59). Location inferred as Puchong, Selangor, Malaysia based on address and phone code. Currency is MYR with 2 decimals. OCR quality is 85%, which is acceptable for accurate parsing. No dual-currency pattern detected.","Alibaba Qwen Turbo","3.25","paid",88,"https://drive.google.com/file/d/1ByM9Ugtv4JAwyb4AIrkFUgn7G-9MjcOE/view","1ByM9Ugtv4JAwyb4AIrkFUgn7G-9MjcOE",False,"{}",NULL,"completed","2026-01-01 05:55:07.126336","2026-01-13 12:36:27.200106",1,1
50,"1256744399","2025-12-05","14:07:00","2026-01-01 13:57:00","Coffee Hive","4.40","SGD","4.40","1.000000","Meals - Drinks","Singapore","Company Card","Coffee/tea chain, meal categorization based on vendor type, OCR quality 85%, SGD with 2 decimals, high confidence in all fields","Groq Llama 3.3 70B","1.04","free",94,"https://drive.google.com/file/d/13ttla7PWoZ-Or5fm8rIZ2eBMjuZZCOve/view","13ttla7PWoZ-Or5fm8rIZ2eBMjuZZCOve",False,"{}",NULL,"completed","2026-01-01 05:57:34.491965","2026-01-13 12:36:27.200106",1,1
51,"1256744399","2025-12-09","18:12:00","2026-01-01 14:06:00","Chee Yoong Restaurant","111.85","MYR","33.00","0.295038","Meals - Dinner","Kuala Lumpur, Malaysia","Own $$$","Vendor is a restaurant, categorized as 'Meals - Dinner' based on time (18:12). OCR quality is 85%, MYR with 2 decimals applied.","Together AI Qwen 2.5 72B","2.67","free",92,"https://drive.google.com/file/d/1PzIGmBiUvwE2nn9rnshANvM6y1O9xsaI/view","1PzIGmBiUvwE2nn9rnshANvM6y1O9xsaI",False,"{}",NULL,"completed","2026-01-01 06:07:04.604818","2026-01-13 12:36:27.200106",1,1
52,"1256744399","2025-04-12","14:46:00","2026-01-01 14:09:00","Guzman y Gomez","25.50","SGD","25.50","1.000000","Meals - Dinner","Singapore, Singapore","Company Card","Vendor is a restaurant (Guzman y Gomez), time is 14:46 (Dinner). Location inferred as Singapore from address and phone code. Currency is SGD with 2 decimals. OCR quality 85%, some minor OCR errors like 'Ad to yo' but no impact on key fields. No dual-currency pattern detected.","Alibaba Qwen Turbo","2.78","paid",88,"https://drive.google.com/file/d/1cSQyP3eAzwl0jsz6RyvZ6I5SgF0lD3jU/view","1cSQyP3eAzwl0jsz6RyvZ6I5SgF0lD3jU",False,"{}",0,"completed","2026-01-01 06:09:43.017902","2026-01-13 12:36:27.200106",1,1
53,"1256744399","2026-06-05","00:19:00","2026-01-01 06:14:14.895","KFC","72.75","MYR","21.46","0.294983","Meals - Dinner","Tmn Megah, PJ","Own $$$","Vendor type: General Food Vendor. Meal categorization: Dinner (15:00-22:59). OCR quality: 85%. Currency: MYR with 2 decimals applied. No dual-currency pattern detected. Fields requiring verification: date, time, vendor, location (confidence <75%) Location unknown, currency requires verification.","Alibaba Qwen Turbo","2.55","paid",80,"https://drive.google.com/file/d/1XlSO9Bcg2DHZG8iYzC1aqJ50sPjrFsyx/view","1XlSO9Bcg2DHZG8iYzC1aqJ50sPjrFsyx",False,"{date,time,vendor,location,currency}",5,"completed","2026-01-01 06:14:14.958382","2026-01-13 12:36:27.200106",1,1
54,"1256744399","2025-12-04","20:14:00","2026-01-01 16:36:00","ZI ZAI VEGETARIAN","6.80","SGD","6.80","1.000000","Meals - Dinner","Tampines, Singapore","Own $$$","Vendor is a vegetarian restaurant. Meal categorized as dinner based on time (20:14). OCR quality is 85%, and currency is SGD with 2 decimals. No fields require verification.","Together AI Qwen 2.5 72B","3.20","free",93,"https://drive.google.com/file/d/1-gCKF0OGmfbiVquypYbvuN1gFp5CPbu_/view","1-gCKF0OGmfbiVquypYbvuN1gFp5CPbu_",False,"{}",0,"completed","2026-01-01 08:36:49.066517","2026-01-13 12:36:27.200106",1,1
58,"1256744399","2025-12-30","11:42:00","2026-01-01 20:49:00","The Mkayplus","180.95","MYR","53.38","0.294999","Meals - Lunch","Petaling Jaya, Malaysia","Company Card","Vendor is a restaurant, categorized as 'Meals - Lunch' based on time (11:42). OCR quality is 85%, MYR with 2 decimals applied.","Together AI Qwen 2.5 72B","2.52","free",92,"https://drive.google.com/file/d/1wEUCdmvrdA5SnjrP7kObCPd_YdSGZ7Ou/view","1wEUCdmvrdA5SnjrP7kObCPd_YdSGZ7Ou",False,"{}",0,"completed","2026-01-01 12:49:41.741179","2026-01-13 12:36:27.200106",1,1
60,"1256744399","2026-01-01","19:00:00","2026-01-01 20:56:00","Beutea","18.95","MYR","5.59","0.294987","Meals - Dinner","Kuala Lumpur, Malaysia","Own $$$","Vendor is a coffee/tea chain (Beutea), categorized as Meals - Drinks. Time of 19:00 falls under Dinner. OCR quality 85%. MYR with 2 decimals applied. No dual-currency pattern detected.","Alibaba Qwen Turbo","2.83","paid",88,"https://drive.google.com/file/d/1-JN5V7cUUzv98BC001u911ogAHQMmxMv/view","1-JN5V7cUUzv98BC001u911ogAHQMmxMv",False,"{}",0,"completed","2026-01-01 12:56:43.573443","2026-01-13 12:36:27.200106",1,1
61,"1256744399","2025-07-06","15:24:00","2026-01-01 13:20:46.368","Chee Cheung Fun","72.75","MYR","21.46","0.294983","Meals - XXX","Malaysia","Own $$$","Vendor and time unclear, using location and currency from context, MYR with 2 decimals, fields requiring verification: date, time, vendor, category","Groq Llama 3.3 70B","0.94","free",58,"https://drive.google.com/file/d/1PJBbXqNVtxzetRQCQ76_JEEf5ck7P7Fq/view","1PJBbXqNVtxzetRQCQ76_JEEf5ck7P7Fq",False,"{date,time,vendor}",3,"completed","2026-01-01 13:20:46.442322","2026-01-13 12:36:27.200106",1,1
62,"1256744399","2025-12-01","18:40:00","2026-01-01 21:21:00","Restoran Fu Lai","113.50","MYR","33.48","0.294978","Meals - Dinner","Puchong, Malaysia","Own $$$","Vendor is a restaurant, categorized as 'Meals - Dinner' based on time. OCR quality is 85%, MYR with 2 decimals applied.","Together AI Qwen 2.5 72B","2.78","free",92,"https://drive.google.com/file/d/1nDuoT9Cd-OP1KluH9H047HETYHr3iwCg/view","1nDuoT9Cd-OP1KluH9H047HETYHr3iwCg",False,"{}",0,"completed","2026-01-01 13:21:47.251649","2026-01-13 12:36:27.200106",1,1
63,"1256744399","2025-12-26","13:29:00","2026-01-01 13:32:03.223","YuDanFun","177.45","MYR","52.35","0.295013","Meals - Lunch","Batu 14, Puchong","Own $$$","Vendor and location are unclear due to lack of explicit information. Meal categorized as lunch based on time (13:29). OCR quality is 85%, and MYR with 2 decimals is applied. Vendor and location require verification. Location unknown, currency requires verification.","Together AI Qwen 2.5 72B","3.33","free",83,"https://drive.google.com/file/d/1sL4EIovRGLdPduIB8_4GBh1h-nGVpKc8/view","1sL4EIovRGLdPduIB8_4GBh1h-nGVpKc8",False,"{vendor,location,currency}",3,"completed","2026-01-01 13:32:03.298237","2026-01-13 12:36:27.200106",1,1
64,"1256744399","2025-08-08","18:58:00","2026-01-01 13:46:18.065","One m","146.75","USD","198.11","1.349983","Meals - Dinner","Phnom Penh, Cambodia","Company Card","Vendor type: General Food Vendor. Meal categorization based on time logic (assumed 15:00-22:59). OCR quality: 85%. USD with 2 decimals applied. No dual-currency detected. Fields requiring verification: date, time, vendor, location, category. Location unknown, currency requires verification.","Alibaba Qwen Turbo","2.78","paid",72,"https://drive.google.com/file/d/1GTdZBiCh8Bc2Mx27Rdl1rdhhxB7_LzZr/view","1GTdZBiCh8Bc2Mx27Rdl1rdhhxB7_LzZr",False,"{date,time,location,currency}",4,"completed","2026-01-01 13:46:18.173527","2026-01-13 12:36:27.200106",1,1
65,"1256744399","2025-12-12","12:01:00","2026-01-01 21:47:00","IKEA","25.00","MYR","7.38","0.295200","Meals - Snacks","Penang, Malaysia","Company Card","Vendor type: General food vendor. Meal categorization: 'Meals - Snacks' based on item types (bread, soup, coffee). OCR quality: 85%. Currency formatted correctly with 2 decimals (MYR). No dual-currency detected. Fields requiring verification: None.","Alibaba Qwen Turbo","2.90","paid",88,"https://drive.google.com/file/d/1T3bsJuzZezrEsUMUPyXCDAtB-XaIVeZF/view","1T3bsJuzZezrEsUMUPyXCDAtB-XaIVeZF",False,"{}",0,"completed","2026-01-01 13:47:30.337898","2026-01-13 12:36:27.200106",1,1
66,"1256744399","2025-09-10","09:17:00","2026-01-01 13:50:48.929","09:17","72.75","MYR","21.46","0.294983","Meals - XXX","Malaysia","Own $$$","Vendor and date/time not found, location inferred from 'RM' and tax format, total amount and tax calculated from receipt, currency is MYR with 2 decimals, fields requiring verification: date, time, vendor, category","Groq Llama 3.3 70B","1.21","free",58,"https://drive.google.com/file/d/1uWvY78QYmRj0R_sAAaIfT8lpU0ihexO9/view","1uWvY78QYmRj0R_sAAaIfT8lpU0ihexO9",False,"{date,time,vendor}",3,"completed","2026-01-01 13:50:49.031577","2026-01-13 12:36:27.200106",1,1
67,"1256744399","2025-11-26","20:53:00","2026-01-01 14:11:23.944","Unknown","259.00","USD","349.65","1.350000","Meals - Dinner","Phnom Penh, Cambodia","Company Card","Unknown vendor type, dual-currency receipt with USD and KHR, high OCR quality, requires verification of vendor and location Location unknown, currency requires verification.","Groq Llama 3.3 70B","0.51","free",85,"https://drive.google.com/file/d/1TbRJH_lxP0BuFYrXiw-nDsoWJVDPTn0h/view","1TbRJH_lxP0BuFYrXiw-nDsoWJVDPTn0h",False,"{location,currency}",2,"completed","2026-01-01 14:11:23.992792","2026-01-13 12:36:27.200106",1,1
68,"1256744399","2025-12-28","09:17:00","2026-01-01 22:12:00","SAY YES CAFE","16.95","MYR","5.00","0.294985","Meals - Breakfast","Petalaling Jaya, Malaysia","Own $$$","Coffee shop with breakfast items, OCR quality (85%), MYR with decimals, verify date and time","Together AI Qwen 2.5 72B","1.59","free",85,"https://drive.google.com/file/d/1tdUK3iQYzC_8_fh4W9bK35bDK9QiDQ8b/view","1tdUK3iQYzC_8_fh4W9bK35bDK9QiDQ8b",False,"{}",0,"completed","2026-01-01 14:12:52.739691","2026-01-13 12:36:27.200106",1,1
69,"1256744399","2026-01-01","22:13:00","2026-01-01 14:14:37.365","YVGAM3A","72.75","USD","98.21","1.349966","Meals - Dinner","Sihanokville, Cambodia","Company Card","Restaurant, OCR quality 85%, MYR decimal formatting, verify vendor name and location Location unknown, currency requires verification.","Groq Llama 3.3 70B","0.70","free",90,"https://drive.google.com/file/d/1o--ZCJgRmkLx43hJbzr7kEjmiuJZp-G_/view","1o--ZCJgRmkLx43hJbzr7kEjmiuJZp-G_",False,"{location,currency}",2,"completed","2026-01-01 14:14:37.426825","2026-01-13 12:36:27.200106",1,1
70,"1256744399","2025-11-25","19:12:00","2026-01-01 14:15:48.12","Chinese","21.00","USD","28.35","1.350000","Meals - Dinner","Phnom Penh, Cambodia","Company Card","Vendor type: Chinese restaurant. OCR quality: 85%. Currency decimal formatting: USD (2 decimals). Fields requiring verification: location, tax_amount Location unknown, currency requires verification.","Alibaba Qwen Turbo","1.39","paid",85,"https://drive.google.com/file/d/1_zqBE2NSNIH1ZnFYxgP3Et0K0jjbexep/view","1_zqBE2NSNIH1ZnFYxgP3Et0K0jjbexep",False,"{location,currency}",2,"completed","2026-01-01 14:15:48.242346","2026-01-13 12:36:27.200106",1,1
71,"1256744399","2025-11-25","19:12:00","2026-01-01 14:17:30.23","Chinese","21.00","THB","0.80","0.038095","Meals - Dinner","Bangkok, Thailand","Own $$$","Vendor type: Chinese restaurant. OCR quality: 85%. Currency decimal formatting: USD (2 decimals). Fields requiring verification: location, tax amount. Location unknown, currency requires verification.","Alibaba Qwen Turbo","1.71","paid",85,"https://drive.google.com/file/d/1J9yj9xZ9oRmX4xRILTDp1rl23CmGKSfB/view","1J9yj9xZ9oRmX4xRILTDp1rl23CmGKSfB",False,"{location,currency}",2,"completed","2026-01-01 14:17:30.284245","2026-01-13 12:36:27.200106",1,1
72,"1256744399","2025-10-15","09:03:00","2026-01-02 02:07:04.095","Magnificent Parker","43.00","MYR","12.69","0.295116","Meals - Breakfast","Taman Megah, PJ","Own $$$","Vendor appears to be a restaurant or bakery, OCR quality (85%), currency decimal formatting confirmed, location requires verification Location unknown, currency requires verification.","Together AI Qwen 2.5 72B","2.43","free",85,"https://drive.google.com/file/d/1sqR2tgFsDk40Nu5AbAyGBZryIIN0MUx4/view","1sqR2tgFsDk40Nu5AbAyGBZryIIN0MUx4",False,"{location,currency}",2,"completed","2026-01-02 02:07:04.16873","2026-01-13 12:36:27.200106",1,1
73,"1256744399","2026-01-03","19:02:00","2026-01-04 06:58:00","Dao","12.40","MYR","3.66","0.295161","Meals - Dinner","Petaling Jaya, Malaysia",NULL,"Vendor type: restaurant. OCR quality: 85%. Currency decimal formatting: correct. Fields requiring verification: tax_amount, category.","Alibaba Qwen Turbo","1.57","paid",90,"https://drive.google.com/file/d/1mCvk2kZbYlGIUuxI8BIDLx9MrtkYXc5v/view","1mCvk2kZbYlGIUuxI8BIDLx9MrtkYXc5v",False,"{}",0,"completed","2026-01-03 22:58:43.253381","2026-01-13 12:36:27.200106",1,1
75,"1256744399","2026-01-03","19:02:00","2026-01-04 07:00:00","Cajolly Group","12.40","MYR","3.66","0.295161","Meals - Dinner","Petaling Jaya, Malaysia","Own $$$","Food vendor, OCR quality 85%, MYR decimal formatting, verify tax amount","Groq Llama 3.3 70B","0.48","free",90,"https://drive.google.com/file/d/1ffbAlxKlATU9AVA5WLBs_dfv56yKpgBJ/view","1ffbAlxKlATU9AVA5WLBs_dfv56yKpgBJ",False,"{}",0,"completed","2026-01-03 23:00:11.481654","2026-01-13 12:36:27.200106",1,1
76,"1256744399","2026-01-04","12:35:00","2026-01-04 13:58:00","RESTAURANT FATHA RAJB","26.60","MYR","7.85","0.295113","Meals - Lunch","Damansara Utara, Selangor","Own $$$","76 (fuel). Vendor type: Restaurant. OCR quality: 85%. Currency decimal formatting: MYR. Fields requiring verification: Tax amount.","Alibaba Qwen Turbo","2.07","paid",90,"https://drive.google.com/file/d/1S4LP-f23lwp9DhcYWbrQAoBSQJT_l3TB/view","1S4LP-f23lwp9DhcYWbrQAoBSQJT_l3TB",False,"{}",0,"completed","2026-01-04 05:58:52.589207","2026-01-13 12:36:27.200106",1,1
77,"1256744399","2026-01-04","12:35:00","2026-01-04 20:36:00","Fatha Rajb","26.60","MYR","7.85","0.295113","Meals - Lunch","Petaling Jaya, Malaysia","Own $$$","76 (fuel). Restaurant receipt, OCR quality 85%, MYR decimal formatting, verify tax amount","Groq Llama 3.3 70B","0.57","free",85,"https://drive.google.com/file/d/1QQshhdkQxUkbEFQttJO9P4f4an3nPPLO/view","1QQshhdkQxUkbEFQttJO9P4f4an3nPPLO",False,"{}",0,"completed","2026-01-04 12:36:13.862323","2026-01-13 12:36:27.200106",1,1
79,"1256744399","2025-12-23","11:50:00","2026-01-04 20:43:00","KONLOONE","68.00","MYR","20.06","0.295000","Meals - Lunch","Petaling Jaya, Malaysia","Own $$$","Restaurant receipt, OCR quality 85%, MYR decimal formatting, verify tax breakdown","Groq Llama 3.3 70B","0.61","free",85,"https://drive.google.com/file/d/1nqqx7PrxkM5pTbQaxK_PAKkdo3uN6irA/view","1nqqx7PrxkM5pTbQaxK_PAKkdo3uN6irA",False,"{}",0,"completed","2026-01-04 12:43:26.005619","2026-01-13 12:36:27.200106",1,1
80,"1256744399","2026-01-04","20:43:00","2026-01-04 12:44:34.556","QUEST CHECK","72.75","MYR","21.46","0.294983","Meals - Dinner","BKT Damansara, Malaysia","Own $$$","Vendor is a restaurant, OCR quality (85%), currency decimal formatting, and fields requiring verification Location unknown, currency requires verification.","Together AI Qwen 2.5 72B","1.44","free",85,"https://drive.google.com/file/d/1AxEbvMoMC2GVnaJazM6ZcUx-tX5YzlrU/view","1AxEbvMoMC2GVnaJazM6ZcUx-tX5YzlrU",False,"{location,currency}",2,"completed","2026-01-04 12:44:34.609446","2026-01-13 12:36:27.200106",1,1
81,"1256744399","2025-12-29","11:50:00","2026-01-04 21:54:00","AEON","17.45","MYR","5.15","0.295129","Groceries","Kuala Lumpur, Malaysia","Own $$$","AEON (supermarket). Supermarket receipt, OCR quality 85%, MYR decimal formatting, verify tax amount","Groq Llama 3.3 70B","0.75","free",85,"https://drive.google.com/file/d/1jmjYc7MYl1RVa6PNn8LXorsCvbjMEKBd/view","1jmjYc7MYl1RVa6PNn8LXorsCvbjMEKBd",False,"{}",0,"completed","2026-01-04 13:54:30.54735","2026-01-13 12:36:27.200106",1,1
82,"1256744399","2026-01-05","08:14:00","2026-01-05 08:35:00","SAY YES CAFE","21.85","MYR","6.45","0.295195","Meals - Breakfast","PETALING JAYA, MALAYSIA","Own $$$","Vendor type: cafe. OCR quality: 85%. Currency decimal formatting: MYR with 2 decimals. Fields requiring verification: category, location (city and country).","Alibaba Qwen Turbo","1.82","paid",90,"https://drive.google.com/file/d/1JgDYgrzZ6UJ40q-UPrs4j0dtbUGi2zAw/view","1JgDYgrzZ6UJ40q-UPrs4j0dtbUGi2zAw",False,"{}",0,"completed","2026-01-05 00:35:23.075626","2026-01-13 12:36:27.200106",1,1
84,"1256744399","2026-01-08","17:50:00","2026-01-08 17:51:00","Zi Zai Vegetarian","1.90","SGD","1.90","1.000000","Meals - Dinner","Singapore, Singapore","Own $$$","Vendor type: Vegetarian restaurant. OCR quality: 85%. Currency decimal formatting: SGD (2 decimals). Fields requiring verification: location, category.","Alibaba Qwen Turbo","1.78","paid",90,"https://drive.google.com/file/d/1oIYu-43q7WWOwIyAoBeZftgx4LiNdNnB/view","1oIYu-43q7WWOwIyAoBeZftgx4LiNdNnB",False,"{}",0,"completed","2026-01-08 09:51:34.431139","2026-01-13 12:36:27.200106",1,1
85,"1256744399","2026-01-08","17:49:00","2026-01-08 18:12:00","Zi Zai Vegetarian","5.50","SGD","5.50","1.000000","Meals - Dinner","Tampines, Singapore","Own $$$","Vegetarian restaurant, OCR quality 85%, SGD decimal formatting, verify tax amount","Groq Llama 3.3 70B","0.64","free",85,"https://drive.google.com/file/d/1QRXrnPISVZlOsOvCmKt34pw1Vt1mo3pm/view","1QRXrnPISVZlOsOvCmKt34pw1Vt1mo3pm",False,"{}",0,"completed","2026-01-08 10:13:09.706032","2026-01-13 12:36:27.200106",1,1
86,"1256744399","2026-01-09","17:25:00","2026-01-09 09:29:03.622","OTH Stall 49","5.90","SGD","5.90","1.000000","Meals - Dinner","Tampines, Singapore","Own $$$","Vendor is a food stall, OCR quality (85%), currency decimal formatting, and fields requiring verification Location unknown, currency requires verification.","Together AI Qwen 2.5 72B","1.56","free",85,"https://drive.google.com/file/d/18E8KPrJoqltL-R2r9yfWHCTJXsm7E4Vt/view","18E8KPrJoqltL-R2r9yfWHCTJXsm7E4Vt",False,"{location,currency}",2,"completed","2026-01-09 09:29:03.676792","2026-01-13 12:36:27.200106",1,1
87,"1256744399","2025-01-10","11:29:00","2026-01-10 12:28:00","DXE Northpoint City","59.69","SGD","59.69","1.000000","Meals - Lunch","Singapore, Singapore","Own $$$","76 (fuel). Restaurant, OCR quality 85%, SGD decimal formatting, verify tax breakdown","Groq Llama 3.3 70B","0.71","free",85,"https://drive.google.com/file/d/1DrFZry639KG_82Guv91OBqvM2bd08SMD/view","1DrFZry639KG_82Guv91OBqvM2bd08SMD",False,"{}",0,"completed","2026-01-10 04:28:30.259158","2026-01-13 12:36:27.200106",1,1
89,"1256744399","2026-01-08","17:49:00","2026-01-11 16:33:00","自在斋","5.95","SGD","5.95","1.000000","Meals - Dinner","Tampines, Singapore",NULL,"Vegetarian restaurant, OCR quality (85%), currency with decimals, verify location and total amount","Together AI Qwen 2.5 72B","1.92","free",85,"https://drive.google.com/file/d/1u31PH-8y3AOwjQ92aJlyQRcunJVwXC4z/view","1u31PH-8y3AOwjQ92aJlyQRcunJVwXC4z",False,"{}",0,"completed","2026-01-11 08:34:44.406677","2026-01-11 08:34:44.406677",NULL,NULL
90,"1256744399","2026-01-05","08:14:00","2026-01-11 18:34:00","SAY YES CAFE","21.85","MYR","6.45","0.295195","Meals - Breakfast","Petaling Jaya, Malaysia",NULL,"Coffee shop, OCR quality 85%, MYR decimal formatting, verify subtotal and tax calculation","Groq Llama 3.3 70B","0.58","free",85,"https://drive.google.com/file/d/1sCuuI_CZZ-JkJv063DvBLee1oCQFNWJQ/view","1sCuuI_CZZ-JkJv063DvBLee1oCQFNWJQ",False,"{}",0,"completed","2026-01-11 10:34:32.077403","2026-01-11 10:34:32.077403",NULL,NULL
91,"1256744399","2026-01-08","17:49:00","2026-01-11 18:41:00","Zi Zai Vegetarian","5.50","SGD","5.50","1.000000","Meals - Dinner","Singapore, Singapore",NULL,"Vendor type: Restaurant. OCR quality: 85%. Currency decimal formatting: SGD (2 decimals). Fields requiring verification: Date and time format.","Alibaba Qwen Turbo","1.72","paid",90,"https://drive.google.com/file/d/1OMF6hjkrsbzRNSjGujiqWdcZnky_lmg-/view","1OMF6hjkrsbzRNSjGujiqWdcZnky_lmg-",False,"{}",0,"completed","2026-01-11 10:42:08.961828","2026-01-11 10:42:08.961828",NULL,NULL
92,"1256744399","2026-01-05","08:14:00","2026-01-11 18:44:00","SAY YES CAFE","21.85","MYR","6.45","0.295195","Meals - Breakfast","Petalaling Jaya, Malaysia",NULL,"Coffee shop, OCR quality (85%), MYR with decimals, verify meal time and location","Together AI Qwen 2.5 72B","2.73","free",85,"https://drive.google.com/file/d/1BLN-sdSxT-hy8kUwpx0Iw3UdS11Zbqkj/view","1BLN-sdSxT-hy8kUwpx0Iw3UdS11Zbqkj",False,"{}",0,"completed","2026-01-11 10:44:48.179098","2026-01-11 10:44:48.179098",NULL,NULL
93,"1256744399","2026-01-08","17:49:00","2026-01-11 19:04:00","Zi Zai Vegetarian","5.50","SGD","5.50","1.000000","Meals - Dinner","Singapore",NULL,"Vegetarian restaurant, OCR quality 85%, SGD decimal formatting, verify location and category","Groq Llama 3.3 70B","0.61","free",85,"https://drive.google.com/file/d/1bh6a-1IWW5W7x5oPOS_GxeILq7ZNo8zV/view","1bh6a-1IWW5W7x5oPOS_GxeILq7ZNo8zV",False,"{}",0,"completed","2026-01-11 11:04:22.127832","2026-01-11 11:04:22.127832",NULL,NULL
94,"1256744399","2026-01-09","17:09:00","2026-01-11 20:13:00","Firstcoach","72.00","SGD","72.00","1.000000","Transportation - Flight","Singapore",NULL,"Bus ticket purchase, OCR quality 85%, SGD currency with decimals, verify seat and route details","Groq Llama 3.3 70B","0.70","free",95,"https://drive.google.com/file/d/1MTZm9BgVGf7wVvJHbW4rW41wGfBXpITP/view","1MTZm9BgVGf7wVvJHbW4rW41wGfBXpITP",False,"{}",0,"completed","2026-01-11 12:13:36.671719","2026-01-11 12:13:36.671719",NULL,NULL
95,"1256744399","2026-01-09","17:09:00","2026-01-11 20:21:00","Firstcoach","72.00","SGD","72.00","1.000000","Transportation - Flight","Singapore, Singapore",NULL,"Bus ticket purchase, OCR quality 85%, SGD currency with decimals, requires verification of location and tax amount","Groq Llama 3.3 70B","0.71","free",95,"https://drive.google.com/file/d/1JItI6FoMcMIqrXzEsbjOP7VQdMCQfN21/view","1JItI6FoMcMIqrXzEsbjOP7VQdMCQfN21",False,"{}",0,"completed","2026-01-11 12:21:41.276005","2026-01-11 12:21:41.276005",NULL,NULL
96,"1256744399","2026-01-09","17:09:00","2026-01-11 20:55:00","Firstcoach","72.00","SGD","72.00","1.000000","Transportation - Flight","Singapore",NULL,"Vendor is a bus/coach service provider. OCR quality is 85%. Currency is SGD with decimal formatting. Fields requiring verification: tax amount.","Together AI Qwen 2.5 72B","2.07","free",95,"https://drive.google.com/file/d/17mYL0uoyWMQON95OsUSy2D1zxpTX-wFF/view","17mYL0uoyWMQON95OsUSy2D1zxpTX-wFF",False,"{}",0,"completed","2026-01-11 12:55:09.731994","2026-01-11 12:55:09.731994",NULL,NULL
97,"1256744399","2026-01-09","17:09:00","2026-01-11 20:58:00","Firstcoach","72.00","SGD","72.00","1.000000","Transportation - Flight","Singapore",NULL,"Bus ticket purchase, OCR quality 85%, SGD decimal formatting, verify location and tax amount","Groq Llama 3.3 70B","0.54","free",95,"https://drive.google.com/file/d/1eikFPIBLaJLEMvvmM9c0lzaRNGXF5NpG/view","1eikFPIBLaJLEMvvmM9c0lzaRNGXF5NpG",False,"{}",0,"completed","2026-01-11 12:58:19.578141","2026-01-11 12:58:19.578141",NULL,NULL
98,"1256744399","2026-01-17","12:00:00","2026-01-11 20:59:00","Firstcoach","72.00","SGD","72.00","1.000000","Transportation - Flight","Singapore",NULL,"Vendor type: Transportation. OCR quality: 85%. Currency decimal formatting: correct. Fields requiring verification: location, tax amount.","Alibaba Qwen Turbo","1.86","paid",95,"https://drive.google.com/file/d/1-QnUHdBFrVIhpfHv1BnGWLhFVrlWIUlR/view","1-QnUHdBFrVIhpfHv1BnGWLhFVrlWIUlR",False,"{}",0,"completed","2026-01-11 12:59:42.668816","2026-01-11 12:59:42.668816",NULL,NULL
99,"1256744399","2026-01-08","17:49:00","2026-01-12 21:20:00","Zi Zai Vegetarian","5.50","SGD","5.50","1.000000","Meals - Dinner","Tampines, Singapore",NULL,"Vegetarian restaurant, high OCR quality, SGD decimal formatting, verify GST and address","Groq Llama 3.3 70B","0.60","free",85,"https://drive.google.com/file/d/1kL8M4RAGn0RBavpbaxmZ6nSe3ubzCgCR/view","1kL8M4RAGn0RBavpbaxmZ6nSe3ubzCgCR",False,"{}",0,"completed","2026-01-12 13:20:56.305905","2026-01-12 13:20:56.305905",NULL,NULL
100,"1256744399","2026-01-05","08:14:00","2026-01-12 21:29:00","SAY YES CAFE","21.85","MYR","6.45","0.295195","Meals - Breakfast","PETALING JAYA, MALAYSIA",NULL,"Vendor type: cafe. OCR quality: 85%. Currency decimal formatting: MYR with 2 decimals. Fields requiring verification: location, category.","Alibaba Qwen Turbo","2.53","paid",90,"https://drive.google.com/file/d/1tSn_U_EF0TPocpY0rSOeZKR1qo5TO0gQ/view","1tSn_U_EF0TPocpY0rSOeZKR1qo5TO0gQ",False,"{}",0,"completed","2026-01-12 13:30:04.378986","2026-01-12 13:30:04.378986",NULL,NULL
101,"1256744399","2026-01-05","08:14:00","2026-01-12 21:43:00","SAY YES CAFE","21.85","MYR","6.45","0.295195","Meals - Breakfast","Petaling Jaya, Malaysia",NULL,"Coffee shop, OCR quality 85%, MYR decimal formatting, verify subtotal and tax calculation","Groq Llama 3.3 70B","0.77","free",85,"https://drive.google.com/file/d/1rAagtVUX5RYSeEPh6aasx9qSIw7C21Ow/view","1rAagtVUX5RYSeEPh6aasx9qSIw7C21Ow",False,"{}",0,"completed","2026-01-12 13:44:04.28225","2026-01-12 13:44:04.28225",NULL,NULL
102,"1256744399","2026-01-08","17:49:00","2026-01-12 21:46:00","Zi Zai Vegetarian","5.50","SGD","5.50","1.000000","Meals - Dinner","Singapore, Singapore",NULL,"Vendor type: Restaurant. OCR quality: 85%. Currency decimal formatting: SGD (2 decimals). Fields requiring verification: None.","Alibaba Qwen Turbo","1.71","paid",85,"https://drive.google.com/file/d/1Hf9_4tfJQXe--59rqW_Zz14BLLeVTxcD/view","1Hf9_4tfJQXe--59rqW_Zz14BLLeVTxcD",False,"{}",0,"completed","2026-01-12 13:47:11.906175","2026-01-12 13:47:11.906175",NULL,NULL
103,"1256744399","2026-01-05","08:14:00","2026-01-12 22:01:00","SAY YES CAFE","21.85","MYR","6.45","0.295195","Meals - Breakfast","Petaling Jaya, Malaysia",NULL,"Coffee shop, OCR quality 85%, MYR decimal formatting, verify subtotal and tax calculation","Groq Llama 3.3 70B","0.75","free",85,"https://drive.google.com/file/d/154w75csrBbiXS6bzww4nKl16ohFgnccR/view","154w75csrBbiXS6bzww4nKl16ohFgnccR",False,"{}",0,"completed","2026-01-12 14:01:31.06561","2026-01-12 14:01:31.06561",NULL,NULL
104,"1256744399","2026-01-08","17:49:00","2026-01-12 22:19:00","Zi Zai Vegetarian","5.50","SGD","5.50","1.000000","Meals - Dinner","Singapore, Singapore",NULL,"Vendor type: Vegetarian restaurant. OCR quality: 85%. Currency decimal formatting: SGD (2 decimals). Fields requiring verification: Date and time format.","Alibaba Qwen Turbo","1.72","paid",85,"https://drive.google.com/file/d/1MtxyxZ0e7eFRfSG_pKJ89vv23pXVXk8Q/view","1MtxyxZ0e7eFRfSG_pKJ89vv23pXVXk8Q",False,"{}",0,"completed","2026-01-12 14:19:18.916417","2026-01-12 14:19:18.916417",NULL,NULL
105,"1256744399","2026-01-05","08:14:00","2026-01-12 22:29:00","SAY YES CAFE","21.85","MYR","6.45","0.295195","Meals - Breakfast","Petaling Jaya, Malaysia",NULL,"Coffee shop, OCR quality 85%, MYR decimal formatting, verify subtotal and bill rounding","Groq Llama 3.3 70B","0.70","free",85,"https://drive.google.com/file/d/10sltrE6lCsIXzFIWpGoPEoZscNbh-B5K/view","10sltrE6lCsIXzFIWpGoPEoZscNbh-B5K",False,"{}",0,"completed","2026-01-12 14:29:32.473087","2026-01-12 14:29:32.473087",NULL,NULL
106,"1256744399","2026-01-05","08:14:00","2026-01-12 22:46:00","SAY YES CAFE","21.85","MYR","6.45","0.295195","Meals - Breakfast","Petaling Jaya, Malaysia",NULL,"Coffee shop, OCR quality 85%, MYR decimal formatting, verify subtotal and tax calculation","Groq Llama 3.3 70B","0.74","free",85,"https://drive.google.com/file/d/1gT9Oe6qVxjKqDLBE2RQRz7CfYyRaA8en/view","1gT9Oe6qVxjKqDLBE2RQRz7CfYyRaA8en",False,"{}",0,"completed","2026-01-12 14:47:05.601082","2026-01-12 14:47:05.601082",NULL,NULL
107,"1256744399","2026-01-08","17:49:00","2026-01-12 23:04:00","Zi Zai Vegetarian","5.50","SGD","5.50","1.000000","Meals - Dinner","Singapore",NULL,"Vegetarian restaurant, OCR quality 85%, SGD decimal formatting, verify location and category","Groq Llama 3.3 70B","0.59","free",85,"https://drive.google.com/file/d/1VjyWKge03MTgShq02lPYVtI_LuhfMru5/view","1VjyWKge03MTgShq02lPYVtI_LuhfMru5",False,"{}",0,"completed","2026-01-12 15:04:34.125048","2026-01-13 12:36:27.200106",1,1
108,"1256744399","2026-01-05","08:14:00","2026-01-12 23:21:00","SAY YES CAFE","21.85","MYR","6.45","0.295195","Meals - Breakfast","Petalaling Jaya, Malaysia",NULL,"Coffee shop, OCR quality (85%), MYR with decimals, verify location and category","Together AI Qwen 2.5 72B","7.56","free",85,"https://drive.google.com/file/d/1f_PLCed7_7lR38PPQ31wsd_026isa45d/view","1f_PLCed7_7lR38PPQ31wsd_026isa45d",False,"{}",0,"completed","2026-01-12 15:22:23.670592","2026-01-13 12:36:27.200106",1,1
109,"1256744399","2026-01-09","17:09:00","2026-01-12 23:38:00","Firstcoach","72.00","SGD","72.00","1.000000","Transportation - Flight","Singapore",NULL,"Bus ticket purchase, OCR quality 85%, SGD decimal formatting, verify location and tax amount","Groq Llama 3.3 70B","0.60","free",95,"https://drive.google.com/file/d/188ASjw7BaLWLD8dAPRXOW5IWc6pcx2ZA/view","188ASjw7BaLWLD8dAPRXOW5IWc6pcx2ZA",False,"{}",0,"completed","2026-01-12 15:39:07.585477","2026-01-13 12:36:27.200106",1,1
110,"1256744399","2026-01-05","08:14:00","2026-01-12 23:47:00","SAY YES CAFE","21.85","MYR","6.45","0.295195","Meals - Breakfast","PETALING JAYA, MALAYSIA",NULL,"Vendor type: cafe. OCR quality: 85%. Currency decimal formatting: MYR with 2 decimals. Fields requiring verification: category, location.","Alibaba Qwen Turbo","2.09","paid",90,"https://drive.google.com/file/d/1kxhhi5Ez39gABcsmlEWhc4zSKbhJ1j8F/view","1kxhhi5Ez39gABcsmlEWhc4zSKbhJ1j8F",False,"{}",0,"completed","2026-01-12 15:47:15.985196","2026-01-13 12:36:27.200106",1,1
111,"1256744399","2026-01-09","17:09:00","2026-01-12 23:58:00","Firstcoach","72.00","SGD","72.00","1.000000","Transportation - Flight","Singapore",NULL,"Vendor type: Transportation. OCR quality: 85%. Currency decimal formatting: 2 places. Fields requiring verification: location, tax_amount.","Alibaba Qwen Turbo","1.85","paid",95,"https://drive.google.com/file/d/1dlan4VLEr0MoQO0hXpaZKBNWYb4PO9AX/view","1dlan4VLEr0MoQO0hXpaZKBNWYb4PO9AX",False,"{}",0,"completed","2026-01-12 15:58:23.732816","2026-01-13 12:36:27.200106",1,1
112,"1256744399","2026-01-17","12:00:00","2026-01-13 00:02:00","Firstcoach","72.00","SGD","72.00","1.000000","Transportation - Flight","Singapore",NULL,"Vendor type: Transportation. OCR quality: 85%. Currency decimal formatting: 2 places. Fields requiring verification: location, tax_amount.","Alibaba Qwen Turbo","1.74","paid",95,"https://drive.google.com/file/d/1mQjS4O587kNeWs2w-uf_l-kasgUtdgNV/view","1mQjS4O587kNeWs2w-uf_l-kasgUtdgNV",False,"{}",0,"completed","2026-01-12 16:02:55.210822","2026-01-13 12:36:27.200106",1,1
113,"1256744399","2026-01-17","12:00:00","2026-01-13 00:22:00","Firstcoach","72.00","SGD","72.00","1.000000","Transportation - Flight","Singapore","Own $$$","Vendor type: Transportation. OCR quality: 85%. Currency decimal formatting: 2 places. Fields requiring verification: location, tax_amount.","Alibaba Qwen Turbo","1.78","paid",95,"https://drive.google.com/file/d/1_XJ5UtoJu0ivhZOgAp6IetTQMvoDft4l/view","1_XJ5UtoJu0ivhZOgAp6IetTQMvoDft4l",False,"{}",0,"completed","2026-01-12 16:22:42.735279","2026-01-13 12:36:27.200106",1,1
114,"1256744399","2026-01-05","08:14:00","2026-01-13 00:54:00","SAY YES CAFE","21.85","MYR","6.45","0.295195","Meals - Breakfast","PETALING JAYA, MALAYSIA","Company Card","Vendor type: cafe. OCR quality: 85%. Currency decimal formatting: MYR with 2 decimals. Fields requiring verification: category, location.","Alibaba Qwen Turbo","1.85","paid",90,"https://drive.google.com/file/d/1wB5IDdls5xA-EdiTn4IFFWaMJm9P07mW/view","1wB5IDdls5xA-EdiTn4IFFWaMJm9P07mW",False,"{}",0,"completed","2026-01-12 16:54:53.54517","2026-01-13 12:36:27.200106",1,1
117,"1256744399","2026-01-13","12:34:00","2026-01-13 05:36:40.738","4Fingers","8.50","SGD","8.50","1.000000","Meals - Lunch","Tampines, Singapore","Own $$$","Fast food, OCR quality 85%, SGD decimal formatting, date requires verification","Groq Llama 3.3 70B","0.49","free",90,"https://drive.google.com/file/d/1I24k4k5fNY1HF6kEoTtSv2G_9hOcZryQ/view","1I24k4k5fNY1HF6kEoTtSv2G_9hOcZryQ",False,"{date}",1,"completed","2026-01-13 05:36:40.808222","2026-01-13 12:36:27.200106",1,1
118,"1256744399","2025-08-05","15:55:00","2026-01-13 05:40:35.183","L'grass","72.75","MYR","21.46","0.294983","Meals - General","PJ, Malaysia","Own $$$","Vendor type: restaurant. OCR quality: 85%. Currency decimal formatting: MYR (2 decimals). Fields requiring verification: date, time, location. Location unknown, currency requires verification.","Alibaba Qwen Turbo","1.42","paid",85,"https://drive.google.com/file/d/1jzNkbJdmYdCRTxT-8kYUzlkMGJm9M69s/view","1jzNkbJdmYdCRTxT-8kYUzlkMGJm9M69s",False,"{date,time,location,currency}",4,"completed","2026-01-13 05:40:35.238074","2026-01-13 12:36:27.200106",1,1
119,"1256744399","2026-01-10","11:29:00","2026-01-13 13:56:00","Northpoint City","89.69","SGD","89.69","1.000000","Meals - Lunch","Singapore",NULL,"76 (fuel). Restaurant receipt, OCR quality (85%), currency with decimals, tax amount verified","Together AI Qwen 2.5 72B","2.11","free",85,"https://drive.google.com/file/d/17T2T2dJZpjTH_oro6tUAXTkjVnNSRGWc/view","17T2T2dJZpjTH_oro6tUAXTkjVnNSRGWc",False,"{}",0,"completed","2026-01-13 05:56:32.560265","2026-01-13 12:36:27.200106",1,1
120,"1256744399","2026-01-10","11:29:00","2026-01-13 13:57:00","Northpoint City","89.69","SGD","89.69","1.000000","Meals - Lunch","Singapore","Own $$$","76 (fuel). Restaurant receipt, OCR quality (85%), currency with decimals, tax amount combined from SVC and GST, fields verified.","Together AI Qwen 2.5 72B","2.03","free",85,"https://drive.google.com/file/d/1BxOFQcsSxuG5RfRPzkE-5ZsRsAFeXEh3/view","1BxOFQcsSxuG5RfRPzkE-5ZsRsAFeXEh3",False,"{}",0,"completed","2026-01-13 05:58:09.445158","2026-01-13 12:36:27.200106",1,1
121,"1256744399","2026-01-09","17:25:00","2026-01-13 06:00:59.75","OTH","5.90","SGD","5.90","1.000000","Meals - Dinner","Tampines, Singapore","Own $$$","Unclear vendor type, possible restaurant, OCR quality 85%, requires verification of location and currency","Groq Llama 3.3 70B","0.51","free",85,"https://drive.google.com/file/d/1FeluHiPc3Lu4jNEoWRJqt_-AT-MfQfxz/view","1FeluHiPc3Lu4jNEoWRJqt_-AT-MfQfxz",False,"{location,currency}",2,"completed","2026-01-13 06:00:59.806893","2026-01-13 12:36:27.200106",1,1
122,"1256744399","2026-01-14","08:27:00","2026-01-14 08:35:00","Ah Khoo","5.80","SGD","5.80","1.000000","Meals - Snacks","Tampines, Singapore","Own $$$","Vendor type: Food outlet. OCR quality: 85%. Currency decimal formatting: SGD (2 decimals). Fields requiring verification: Location (Tampines is a district in Singapore, not a city).","Alibaba Qwen Turbo","1.70","paid",85,"https://drive.google.com/file/d/1D8Wl2CUGCTnm2ZUqTMFVNExrvNtnkJa9/view","1D8Wl2CUGCTnm2ZUqTMFVNExrvNtnkJa9",False,"{}",0,"completed","2026-01-14 00:35:55.167226","2026-01-14 00:36:02.312094",1,NULL
123,"1256744399","2026-01-12","19:20:00","2026-01-14 12:08:00","KING OF FRIED RICE","5.30","SGD","5.30","1.000000","Meals - Dinner","Singapore","Own $$$","Restaurant, OCR quality 85%, SGD decimal formatting, verify location city","Groq Llama 3.3 70B","0.62","free",85,"https://drive.google.com/file/d/1Mjwp7fOle0mpiMVVK8Uuq3osWSa-VBiJ/view","1Mjwp7fOle0mpiMVVK8Uuq3osWSa-VBiJ",False,"{}",0,"completed","2026-01-14 04:08:23.385545","2026-01-14 04:08:32.317795",1,NULL
124,"1256744399","2026-01-15","14:25:00","2026-01-15 14:40:00","Monster Curry","11.87","SGD","11.87","1.000000","Meals - Lunch","Singapore, Singapore","Own $$$","76 (fuel). Vendor is a restaurant, OCR quality (85%), currency with decimals, fields verified.","Together AI Qwen 2.5 72B","1.67","free",85,"https://drive.google.com/file/d/1wATNL031r5p3Ait4CmCuJMZt_mgkgby1/view","1wATNL031r5p3Ait4CmCuJMZt_mgkgby1",False,"{}",0,"completed","2026-01-15 06:40:47.016337","2026-01-15 06:40:56.126222",1,NULL
125,"1256744399","2026-01-15","18:29:00","2026-01-15 18:30:00","Coconut","6.30","SGD","6.30","1.000000","Meals - Drinks","Singapore, Singapore","Own $$$","Food and beverage vendor, OCR quality 85%, SGD decimal formatting, verify tax amount","Groq Llama 3.3 70B","0.58","free",85,"https://drive.google.com/file/d/1t16DqF8k7TgjOCUYryqnXnVQXZW-H8y7/view","1t16DqF8k7TgjOCUYryqnXnVQXZW-H8y7",False,"{}",0,"completed","2026-01-15 10:30:48.514564","2026-01-15 10:31:11.498426",1,NULL
126,"1256744399","2026-01-16","12:24:00","2026-01-16 12:25:00","Shi Li Fang","25.90","SGD","25.90","1.000000","Meals - Lunch","Singapore, Singapore","Own $$$","Vendor type: Restaurant. OCR quality: 85%. Currency decimal formatting: correct. Fields requiring verification: date, time, tax amount.","Alibaba Qwen Turbo","2.16","paid",85,"https://drive.google.com/file/d/1Vnn673Q7kSJkWw93DIj1ZFncZOY1fIte/view","1Vnn673Q7kSJkWw93DIj1ZFncZOY1fIte",False,"{}",0,"completed","2026-01-16 04:25:47.508989","2026-01-16 04:26:04.534033",1,NULL
127,"1256744399","2026-01-17","07:37:00","2026-01-17 07:41:00","St Box","6.90","SGD","6.90","1.000000","Meals - Breakfast","Singapore, Singapore","Own $$$","76 (fuel). Vendor type: food. OCR quality: 85%. Currency decimal formatting: correct. Fields requiring verification: location, category.","Alibaba Qwen Turbo","2.97","paid",85,"https://drive.google.com/file/d/1rbMxRRCfXxvrDcAEVf1dmznnK0pYMxL4/view","1rbMxRRCfXxvrDcAEVf1dmznnK0pYMxL4",False,"{}",0,"completed","2026-01-16 23:41:11.367953","2026-01-16 23:41:25.691864",1,NULL
128,"1256744399","2026-01-17","18:46:00","2026-01-17 18:56:00","Cheow Sang Restaurant","133.00","MYR","39.24","0.295038","Meals - Dinner","Petaling Jaya, Malaysia","Own $$$","Vendor type: Restaurant. OCR quality: 85%. Currency decimal formatting: MYR (2 decimals). Fields requiring verification: None.","Alibaba Qwen Turbo","1.83","paid",90,"https://drive.google.com/file/d/1Lgj_HhtQYlhtiKXkPRSZrPnhhbMx5Gea/view","1Lgj_HhtQYlhtiKXkPRSZrPnhhbMx5Gea",False,"{}",0,"completed","2026-01-17 10:56:55.8568","2026-01-17 10:57:07.349581",1,NULL
